{"cameraMode":{"drawMode":0,"name":"Shaded","section":"Shading Mode"},"sceneLighting":false,"audioPlay":false,"sceneViewState":{"m_AlwaysRefresh":false,"showFog":true,"showSkybox":true,"showFlares":true,"showImageEffects":true,"showParticleSystems":true,"showVisualEffectGraphs":true,"m_FxEnabled":true},"in2DMode":false,"pivot":{"x":-0.00021692737936973572,"y":0.14910811185836793,"z":-0.00043189525604248047},"rotation":{"x":-0.17672444880008698,"y":-0.35633987188339236,"z":0.06883096694946289,"w":-0.9149133563041687},"size":0.23881301283836366,"orthographic":false}